for,
source,
ready,
sound,
rise,
leg,
hour,
nearly,
student,
beautiful,
plane,
leave,
else,
side,
determine,
dead,
evening,
measure,
express,
operation,
view,
possible,
home,
each,
college,
tree,
knowledge,
whether,
wear,
language,
agree,
record,
corner,
effective,
eye,
write,
society,
technical,
situation,
have,
minute,
pass,
experience,
money,
suddenly,
establish,
discuss,
letter,
also,
raise,
most,
attend,
body,
datum,
stay,
walk,
gas,
third,
district,
bar,
size,
mean,
material,
explain,
break,
care,
hit,
learn,
tax,
decide,
mother,
train,
necessary,
both,
difficult,
writer,
claim,
suggest,
U.S.,
army,
unite,
settle,
themselves,
floor,
march,
natural,
God,
I,
particular,
gun,
association,
five,
court,
against,
department,
off,
space,
volume,
point,
service,
on,
indeed,
meet,
Europe,
contribute,
moral,
of,
stop,
therefore,
organization,
loss,
some,
discussion,
door,
family,
go,
part,
and,
market,
pay,
according,
major,
stand,
community,
little,
sort,
house,
later,
level,
free,
teacher,
different,
best,
parent,
represent,
ever,
truth,
reaction,
evidence,
trip,
that,
near,
keep,
alone,
old,
full,
agreement,
none,
quality,
certain,
eat,
is,
meaning,
glass,
food,
than,
child,
color,
nature,
freedom,
already,
present,
lie,
feeling,
carry,
want,
support,
instance,
school,
subject,
future,
happen,
fiscal,
run,
help,
kid,
now,
common,
year,
you,
summer,
will,
dog,
give,
the,
position,
saint,
cold,
hang,
pool,
influence,
drop,
must,
bill,
allow,
do,
suffer,
follow,
grow,
face,
temperature,
opinion,
charge,
mark,
sure,
election,
result,
fail,
human,
Brown,
would,
something,
marry,
region,
former,
likely,
ask,
commission,
he,
appear,
institution,
receive,
prove,
throughout,
cost,
condition,
last,
way,
area,
complete,
wall,
cent,
describe,
statement,
look,
say,
in,
generally,
reduce,
fund,
such,
experiment,
mile,
everything,
president,
national,
hear,
upon,
apply,
which,
first,
officer,
provide,
ago,
together,
big,
fix,
job,
longer,
win,
paper,
division,
pull,
element,
marriage,
authority,
except,
dollar,
die,
place,
audience,
end,
general,
park,
John,
certainly,
thing,
create,
serious,
lot,
arm,
faith,
apparently,
Mister,
send,
herself,
anything,
several,
model,
myself,
development,
easy,
drive,
still,
street,
office,
man,
at,
research,
occur,
but,
less,
page,
where,
principle,
almost,
friend,
distance,
throw,
religion,
turn,
difficulty,
ship,
value,
demand,
cell,
field,
treatment,
publish,
there,
usually,
anyone,
lay,
facility,
same,
with,
seem,
relate,
maintain,
improve,
board,
by,
realize,
accept,
theory,
never,
feel,
voice,
possibility,
history,
disagree,
firm,
find,
ground,
call,
town,
remain,
affair,
police,
among,
earth,
country,
personal,
meeting,
English,
develop,
idea,
equipment,
literature,
industrial,
change,
larger,
could,
poet,
under,
factor,
visit,
length,
weapon,
manner,
not,
fear,
attitude,
order,
all,
recognize,
away,
how,
work,
answer,
here,
two,
whole,
sometimes,
morning,
hand,
effect,
name,
base,
father,
inch,
including,
account,
military,
quite,
leader,
captain,
as,
federal,
concern,
recently,
reach,
figure,
plan,
head,
before,
case,
law,
nothing,
room,
save,
list,
bed,
a,
term,
to,
come,
more,
age,
though,
early,
Doctor,
tell,
merely,
picture,
hotel,
it,
make,
music,
car,
nation,
religious,
hope,
remember,
shall,
plant,
importance,
defense,
price,
director,
aid,
citizen,
vary,
conference,
table,
into,
party,
toward,
growth,
obtain,
hospital,
build,
short,
smile,
local,
fill,
choice,
again,
begin,
boat,
higher,
state,
black,
single,
lady,
political,
instead,
compare,
small,
government,
democratic,
Mrs.,
question,
they,
piece,
west,
remove,
tooth,
live,
involve,
million,
open,
worker,
those,
practice,
war,
assume,
serve,
try,
stage,
scene,
many,
right,
latter,
top,
take,
young,
force,
character,
addition,
think,
much,
move,
own,
she,
let,
water,
limit,
Christian,
sell,
either,
every,
pressure,
wide,
process,
greater,
performance,
design,
artist,
finally,
object,
talk,
above,
four,
should,
until,
century,
period,
effort,
individual,
system,
international,
method,
report,
company,
physical,
only,
Congress,
peace,
between,
economic,
even,
machine,
add,
large,
who,
problem,
special,
fire,
leach,
press,
far,
employee,
structure,
very,
rule,
once,
play,
chance,
amount,
center,
wish,
return,
square,
select,
wife,
specific,
policy,
actually,
labor,
include,
example,
member,
movement,
action,
then,
bring,
half,
woman,
people,
consider,
hundred,
time,
art,
really,
western,
word,
high,
lead,
increase,
difference,
book,
south,
mind,
supply,
extend,
direct,
city,
class,
rather,
hair,
week,
well,
bear,
close,
land,
operate,
mention,
hill,
put,
down,
line,
few,
perhaps,
during,
yes,
night,
able,
edge,
group,
afternoon,
slowly,
late,
population,
offer,
hall,
relation,
rate,
thought,
feed,
these,
medical,
role,
purpose,
any,
public,
nor,
oil,
soon,
animal,
success,
decision,
across,
use,
buy,
available,
if,
heart,
kill,
three,
just,
rest,
probably,
program,
church,
season,
strength,
out,
why,
dark,
what,
speak,
one,
might,
day,
governor,
person,
university,
social,
manager,
achieve,
back,
after,
fine,
without,
second,
start,
river,
image,
matter,
finish,
often,
basic,
permit,
long,
today,
join,
date,
indicate,
listen,
life,
pick,
couple,
finger,
because,
item,
through,
next,
know,
always,
function,
over,
directly,
be,
secretary,
especially,
girl,
least,
too,
although,
study,
analysis,
boy,
test,
club,
up,
another,
six,
when,
enter,
husband,
form,
month,
enjoy,
stock,
front,
air,
story,
love,
white,
French,
series,
trouble,
great,
power,
world,
note,
sign,
product,
control,
maybe,
normal,
radio,
beyond,
approach,
project,
red,
ride,
window,
spring,
step,
modern,
horse,
interact,
technique,
relationship,
England,
behind,
production,
information,
section,
discover,
set,
or,
recent,
basis,
simple,
important,
we,
farm,
sense,
death,
within,
become,
itself,
understand,
about,
committee,
direction,
administration,
new,
draw,
however,
can,
while,
course,
require,
science,
sale,
various,
exist,
station,
similar,
prevent,
watch,
thus,
announce,
fact,
son,
entire,
forget,
bank,
believe,
range,
type,
bad,
road,
suppose,
may,
expect,
real,
final,
low,
strike,
event,
trial,
pattern,
since,
patient,
spend,
cut,
ball,
hard,
clear,
oh,
mouth,
other,
from,
foot,
private,
fight,
building,
produce,
true,
immediately,
game,
opportunity,
American,
fall,
act,
no,
get,
procedure,
responsibility,
kind,
this,
simply,
catch,
unit,
see,
need,
enemy,
cover,
total,
interest,
around,
wonder,
himself,
show,
respect,
lose,
sit,
choose,
deal,
business,
wait,
prepare,
county,
strong,
continue,
moment,
number,
hold,
cause,
southern,
better,
attention,
foreign,
per,
reason,
agency,
enough,
shoot,
ten,
yet,
contain,
along,
seek,
central,
an,
issue,
light,
detail,
brother,
poem,
good,
read,
so,
hot,
like,